Pixel,UpperAuto,UpperManual,UpperMean,BottomAuto,BottomManual,BottomMean,ErrorUpperAuto,ErrorUpperManual,ErrorBottomAuto,ErrorBottomManual,StdErrorUpperAuto,StdErrorUpperManual,StdErrorBottomAuto,StdErrorBottomManual,PercentErrorUpperAuto,PercentErrorUpperManual,PercentErrorBottomAuto,PercentErrorBottomManual
199,-180.00000,-180.00000,-178.76501,-183.00000,-182.60000,-184.60411,-1.23499,-1.23499,1.60411,2.00411,1.52521,1.52521,2.57315,4.01644,0.0024899,0.0024899,0.0032341,0.0040405
200,-180.00000,-180.00000,-178.70773,-183.00000,-182.60000,-184.56557,-1.29227,-1.29227,1.56557,1.96557,1.66996,1.66996,2.45102,3.86347,0.0026054,0.0026054,0.0031564,0.0039628
201,-180.00000,-180.00000,-178.65045,-183.00000,-182.60000,-184.52704,-1.34955,-1.34955,1.52704,1.92704,1.82128,1.82128,2.33185,3.71348,0.0027209,0.0027209,0.0030787,0.0038852
202,-180.00000,-180.00000,-178.59743,-183.00000,-182.60000,-184.48851,-1.40257,-1.40257,1.48851,1.88851,1.96721,1.96721,2.21565,3.56646,0.0028278,0.0028278,0.0030010,0.0038075
203,-180.00000,-180.00000,-178.58932,-183.00000,-182.60000,-184.44997,-1.41068,-1.41068,1.44997,1.84997,1.99003,1.99003,2.10243,3.42240,0.0028441,0.0028441,0.0029233,0.0037298
204,-180.00000,-180.00000,-178.58734,-183.00000,-182.60000,-184.41144,-1.41266,-1.41266,1.41144,1.81144,1.99560,1.99560,1.99217,3.28132,0.0028481,0.0028481,0.0028456,0.0036521
205,-180.00000,-180.00000,-178.58601,-183.00000,-182.60000,-184.37187,-1.41399,-1.41399,1.37187,1.77187,1.99937,1.99937,1.88202,3.13951,0.0028508,0.0028508,0.0027659,0.0035723
206,-180.00000,-180.00000,-178.58467,-183.00000,-182.60000,-184.33119,-1.41533,-1.41533,1.33119,1.73119,2.00316,2.00316,1.77208,2.99703,0.0028535,0.0028535,0.0026839,0.0034903
207,-180.00000,-180.00000,-178.58333,-183.00000,-182.60000,-184.29052,-1.41667,-1.41667,1.29052,1.69052,2.00694,2.00694,1.66545,2.85786,0.0028562,0.0028562,0.0026019,0.0034083
208,-180.00000,-180.00000,-178.58267,-182.90000,-182.60000,-184.24985,-1.41733,-1.41733,1.34985,1.64985,2.00883,2.00883,1.82209,2.72200,0.0028575,0.0028575,0.0027215,0.0033263
209,-180.00000,-180.00000,-178.58148,-182.90000,-182.60000,-184.20918,-1.41852,-1.41852,1.30918,1.60918,2.01219,2.01219,1.71394,2.58945,0.0028599,0.0028599,0.0026395,0.0032443
210,-180.00000,-180.00000,-178.57832,-182.90000,-182.60000,-184.16850,-1.42168,-1.42168,1.26850,1.56850,2.02117,2.02117,1.60910,2.46021,0.0028663,0.0028663,0.0025575,0.0031623
211,-180.00000,-180.00000,-178.57516,-182.90000,-182.60000,-184.12783,-1.42484,-1.42484,1.22783,1.52783,2.03016,2.03016,1.50757,2.33427,0.0028727,0.0028727,0.0024755,0.0030803
212,-180.00000,-180.00000,-178.57200,-182.90000,-182.60000,-184.08689,-1.42800,-1.42800,1.18689,1.48689,2.03918,2.03918,1.40872,2.21085,0.0028790,0.0028790,0.0023929,0.0029978
213,-179.90000,-179.90000,-178.56884,-182.80000,-182.60000,-184.04591,-1.33116,-1.33116,1.24591,1.44591,1.77199,1.77199,1.55229,2.09066,0.0026838,0.0026838,0.0025119,0.0029151
214,-179.90000,-179.90000,-178.56568,-182.80000,-182.60000,-184.00493,-1.33432,-1.33432,1.20493,1.40493,1.78042,1.78042,1.45185,1.97382,0.0026902,0.0026902,0.0024293,0.0028325
215,-179.90000,-179.90000,-178.56252,-182.80000,-182.60000,-183.97036,-1.33748,-1.33748,1.17036,1.37036,1.78886,1.78886,1.36975,1.87789,0.0026965,0.0026965,0.0023596,0.0027628
216,-179.80000,-179.80000,-178.55936,-182.80000,-182.60000,-183.93596,-1.24064,-1.24064,1.13596,1.33596,1.53920,1.53920,1.29041,1.78479,0.0025013,0.0025013,0.0022902,0.0026935
217,-179.80000,-179.80000,-178.55637,-182.70000,-182.60000,-183.90156,-1.24363,-1.24363,1.20156,1.30156,1.54661,1.54661,1.44375,1.69406,0.0025073,0.0025073,0.0024225,0.0026241
218,-179.70000,-179.70000,-178.55366,-182.70000,-182.60000,-183.86716,-1.14634,-1.14634,1.16716,1.26716,1.31409,1.31409,1.36226,1.60570,0.0023112,0.0023112,0.0023531,0.0025548
219,-179.70000,-179.70000,-178.55096,-182.70000,-182.70000,-183.83276,-1.14904,-1.14904,1.13276,1.13276,1.32030,1.32030,1.28315,1.28315,0.0023166,0.0023166,0.0022838,0.0022838
220,-179.60000,-179.60000,-178.54825,-182.60000,-182.70000,-183.79836,-1.05175,-1.05175,1.19836,1.09836,1.10618,1.10618,1.43607,1.20639,0.0021205,0.0021205,0.0024160,0.0022144
221,-179.60000,-179.60000,-178.54554,-182.60000,-182.70000,-183.76396,-1.05446,-1.05446,1.16396,1.06396,1.11189,1.11189,1.35480,1.13201,0.0021259,0.0021259,0.0023467,0.0021451
222,-179.50000,-179.50000,-178.54167,-182.60000,-182.70000,-183.72956,-0.95833,-0.95833,1.12956,1.02956,0.91840,0.91840,1.27590,1.05999,0.0019321,0.0019321,0.0022773,0.0020757
223,-179.40000,-179.40000,-178.53013,-182.50000,-182.70000,-183.69516,-0.86987,-0.86987,1.19516,0.99516,0.75667,0.75667,1.42840,0.99034,0.0017538,0.0017538,0.0024096,0.0020064
224,-179.40000,-179.40000,-178.51859,-182.50000,-182.70000,-183.66076,-0.88141,-0.88141,1.16076,0.96076,0.77688,0.77688,1.34736,0.92306,0.0017770,0.0017770,0.0023402,0.0019370
225,-179.30000,-179.30000,-178.50705,-182.50000,-182.70000,-183.62636,-0.79295,-0.79295,1.12636,0.92636,0.62877,0.62877,1.26868,0.85814,0.0015987,0.0015987,0.0022709,0.0018677
226,-179.30000,-179.30000,-178.49551,-182.40000,-182.70000,-183.59196,-0.80449,-0.80449,1.19196,0.89196,0.64720,0.64720,1.42076,0.79559,0.0016219,0.0016219,0.0024031,0.0017983
227,-179.30000,-179.30000,-178.48398,-182.40000,-182.70000,-183.55756,-0.81602,-0.81602,1.15756,0.85756,0.66590,0.66590,1.33994,0.73540,0.0016452,0.0016452,0.0023338,0.0017289
228,-179.30000,-179.30000,-178.47244,-182.40000,-182.70000,-183.52400,-0.82756,-0.82756,1.12400,0.82400,0.68486,0.68486,1.26338,0.67898,0.0016685,0.0016685,0.0022661,0.0016613
229,-179.20000,-179.20000,-178.46090,-182.40000,-182.70000,-183.49058,-0.73910,-0.73910,1.09058,0.79058,0.54627,0.54627,1.18936,0.62501,0.0014901,0.0014901,0.0021987,0.0015939
230,-179.20000,-179.20000,-178.44936,-182.30000,-182.70000,-183.45716,-0.75064,-0.75064,1.15716,0.75716,0.56346,0.56346,1.33901,0.57328,0.0015134,0.0015134,0.0023330,0.0015265
231,-179.20000,-179.20000,-178.43782,-182.30000,-182.70000,-183.42373,-0.76218,-0.76218,1.12373,0.72373,0.58092,0.58092,1.26277,0.52379,0.0015367,0.0015367,0.0022656,0.0014591
232,-179.20000,-179.20000,-178.42628,-182.30000,-182.70000,-183.39031,-0.77372,-0.77372,1.09031,0.69031,0.59864,0.59864,1.18877,0.47653,0.0015599,0.0015599,0.0021982,0.0013918
233,-179.30000,-179.30000,-178.39981,-182.30000,-182.60000,-183.35689,-0.90019,-0.90019,1.05689,0.75689,0.81035,0.81035,1.11701,0.57288,0.0018149,0.0018149,0.0021308,0.0015260
234,-179.30000,-179.30000,-178.35579,-182.30000,-182.60000,-183.32374,-0.94421,-0.94421,1.02374,0.72374,0.89153,0.89153,1.04804,0.52380,0.0019036,0.0019036,0.0020640,0.0014591
235,-179.30000,-179.30000,-178.31178,-182.30000,-182.60000,-183.29144,-0.98822,-0.98822,0.99144,0.69144,0.97659,0.97659,0.98296,0.47809,0.0019924,0.0019924,0.0019989,0.0013940
236,-179.40000,-179.40000,-178.26737,-182.30000,-182.60000,-183.25915,-1.13263,-1.13263,0.95915,0.65915,1.28285,1.28285,0.91997,0.43448,0.0022835,0.0022835,0.0019338,0.0013289
237,-179.40000,-179.40000,-178.22196,-182.30000,-182.60000,-183.22686,-1.17804,-1.17804,0.92686,0.62686,1.38779,1.38779,0.85906,0.39295,0.0023751,0.0023751,0.0018687,0.0012638
238,-179.40000,-179.40000,-178.17654,-182.30000,-182.60000,-183.19456,-1.22346,-1.22346,0.89456,0.59456,1.49685,1.49685,0.80024,0.35350,0.0024666,0.0024666,0.0018036,0.0011987
239,-179.50000,-179.50000,-178.13113,-182.30000,-182.60000,-183.16227,-1.36887,-1.36887,0.86227,0.56227,1.87381,1.87381,0.74350,0.31614,0.0027598,0.0027598,0.0017384,0.0011336
240,-179.50000,-179.50000,-178.08571,-182.30000,-182.60000,-183.12997,-1.41429,-1.41429,0.82997,0.52997,2.00021,2.00021,0.68885,0.28087,0.0028514,0.0028514,0.0016733,0.0010685
241,-179.50000,-179.50000,-178.01846,-182.30000,-182.60000,-183.09768,-1.48154,-1.48154,0.79768,0.49768,2.19495,2.19495,0.63629,0.24768,0.0029870,0.0029870,0.0016082,0.0010034
242,-179.50000,-179.50000,-177.94855,-182.30000,-182.60000,-183.06647,-1.55145,-1.55145,0.76647,0.46647,2.40699,2.40699,0.58747,0.21759,0.0031279,0.0031279,0.0015453,0.0009405
243,-179.50000,-179.50000,-177.87632,-182.40000,-182.60000,-183.03627,-1.62368,-1.62368,0.63627,0.43627,2.63634,2.63634,0.40485,0.19034,0.0032735,0.0032735,0.0012828,0.0008796
244,-179.50000,-179.50000,-177.76973,-182.40000,-182.60000,-183.00625,-1.73027,-1.73027,0.60625,0.40625,2.99384,2.99384,0.36754,0.16504,0.0034884,0.0034884,0.0012223,0.0008190
245,-179.40000,-179.40000,-177.63350,-182.40000,-182.60000,-182.97622,-1.76650,-1.76650,0.57622,0.37622,3.12051,3.12051,0.33203,0.14154,0.0035615,0.0035615,0.0011617,0.0007585
246,-179.30000,-179.30000,-177.47536,-182.50000,-182.60000,-182.94620,-1.82464,-1.82464,0.44620,0.34620,3.32929,3.32929,0.19909,0.11985,0.0036787,0.0036787,0.0008996,0.0006980
247,-179.20000,-179.20000,-177.25385,-182.50000,-182.60000,-182.91617,-1.94615,-1.94615,0.41617,0.31617,3.78749,3.78749,0.17320,0.09996,0.0039237,0.0039237,0.0008391,0.0006374
248,-179.10000,-179.10000,-177.02507,-182.50000,-182.60000,-182.89841,-2.07493,-2.07493,0.39841,0.29841,4.30532,4.30532,0.15873,0.08905,0.0041833,0.0041833,0.0008033,0.0006016
249,-178.90000,-178.90000,-176.79629,-182.60000,-182.60000,-182.88287,-2.10371,-2.10371,0.28287,0.28287,4.42558,4.42558,0.08001,0.08001,0.0042413,0.0042413,0.0005703,0.0005703
250,-178.60000,-178.60000,-176.56752,-182.60000,-182.60000,-182.87627,-2.03248,-2.03248,0.27627,0.27627,4.13099,4.13099,0.07633,0.07633,0.0040978,0.0040978,0.0005570,0.0005570
251,-178.30000,-178.30000,-176.32791,-182.60000,-182.60000,-182.87146,-1.97209,-1.97209,0.27146,0.27146,3.88913,3.88913,0.07369,0.07369,0.0039760,0.0039760,0.0005473,0.0005473
252,-178.00000,-178.00000,-176.04340,-182.70000,-182.60000,-182.86664,-1.95660,-1.95660,0.16664,0.26664,3.82829,3.82829,0.02777,0.07110,0.0039448,0.0039448,0.0003360,0.0005376
253,-177.50000,-177.50000,-175.75888,-182.70000,-182.60000,-182.86183,-1.74112,-1.74112,0.16183,0.26183,3.03149,3.03149,0.02619,0.06855,0.0035103,0.0035103,0.0003263,0.0005279
254,-177.00000,-177.00000,-175.41185,-182.80000,-182.60000,-182.85701,-1.58815,-1.58815,0.05701,0.25701,2.52223,2.52223,0.00325,0.06605,0.0032019,0.0032019,0.0001149,0.0005182
255,-176.40000,-176.40000,-175.01478,-182.80000,-182.60000,-182.85220,-1.38522,-1.38522,0.05220,0.25220,1.91884,1.91884,0.00272,0.06360,0.0027928,0.0027928,0.0001052,0.0005085
256,-175.90000,-175.90000,-174.59985,-182.90000,-182.60000,-182.84738,-1.30015,-1.30015,-0.05262,0.24738,1.69038,1.69038,0.00277,0.06120,0.0026213,0.0026213,0.0001061,0.0004988
257,-175.50000,-175.50000,-174.18434,-182.90000,-182.60000,-182.84257,-1.31566,-1.31566,-0.05743,0.24257,1.73096,1.73096,0.00330,0.05884,0.0026525,0.0026525,0.0001158,0.0004890
258,-175.30000,-175.30000,-173.77104,-183.00000,-182.60000,-182.83775,-1.52896,-1.52896,-0.16225,0.23775,2.33772,2.33772,0.02632,0.05653,0.0030826,0.0030826,0.0003271,0.0004793
259,-175.30000,-175.30000,-173.35677,-183.00000,-182.60000,-182.83294,-1.94323,-1.94323,-0.16706,0.23294,3.77616,3.77616,0.02791,0.05426,0.0039178,0.0039178,0.0003368,0.0004696
260,-175.20000,-175.20000,-172.94588,-183.10000,-182.60000,-182.80203,-2.25412,-2.25412,-0.29797,0.20203,5.08104,5.08104,0.08879,0.04082,0.0045446,0.0045446,0.0006007,0.0004073
261,-175.20000,-175.20000,-172.54620,-183.10000,-182.60000,-182.76657,-2.65380,-2.65380,-0.33343,0.16657,7.04267,7.04267,0.11118,0.02774,0.0053504,0.0053504,0.0006722,0.0003358
262,-175.00000,-175.00000,-172.14651,-183.10000,-182.60000,-182.73111,-2.85349,-2.85349,-0.36889,0.13111,8.14240,8.14240,0.13608,0.01719,0.0057530,0.0057530,0.0007437,0.0002643
263,-174.70000,-174.70000,-171.74729,-183.20000,-182.60000,-182.69564,-2.95271,-2.95271,-0.50436,0.09564,8.71851,8.71851,0.25438,0.00915,0.0059530,0.0059530,0.0010168,0.0001928
264,-174.50000,-174.50000,-171.34991,-183.20000,-182.60000,-182.66018,-3.15009,-3.15009,-0.53982,0.06018,9.92306,9.92306,0.29141,0.00362,0.0063510,0.0063510,0.0010883,0.0001213
265,-174.40000,-174.40000,-170.95159,-183.20000,-182.60000,-182.63650,-3.44841,-3.44841,-0.56350,0.03650,11.89155,11.89155,0.31753,0.00133,0.0069524,0.0069524,0.0011361,0.0000736
266,-174.30000,-174.30000,-170.56272,-183.20000,-182.60000,-182.65491,-3.73728,-3.73728,-0.54509,0.05491,13.96728,13.96728,0.29712,0.00302,0.0075348,0.0075348,0.0010990,0.0001107
267,-174.00000,-174.00000,-170.20924,-183.20000,-182.60000,-182.67333,-3.79076,-3.79076,-0.52667,0.07333,14.36985,14.36985,0.27738,0.00538,0.0076427,0.0076427,0.0010618,0.0001478
268,-173.50000,-173.50000,-169.91848,-183.30000,-182.60000,-182.69174,-3.58152,-3.58152,-0.60826,0.09174,12.82731,12.82731,0.36998,0.00842,0.0072208,0.0072208,0.0012263,0.0001850
269,-172.80000,-172.80000,-169.66220,-183.30000,-182.60000,-182.71015,-3.13780,-3.13780,-0.58985,0.11015,9.84576,9.84576,0.34792,0.01213,0.0063262,0.0063262,0.0011892,0.0002221
270,-172.10000,-172.10000,-169.48221,-183.30000,-182.60000,-182.72856,-2.61779,-2.61779,-0.57144,0.12856,6.85284,6.85284,0.32654,0.01653,0.0052778,0.0052778,0.0011521,0.0002592
271,-171.40000,-171.40000,-169.50524,-183.20000,-182.60000,-182.74697,-1.89476,-1.89476,-0.45303,0.14697,3.59011,3.59011,0.20523,0.02160,0.0038201,0.0038201,0.0009134,0.0002963
272,-170.80000,-170.80000,-169.62272,-183.20000,-182.60000,-182.78718,-1.17728,-1.17728,-0.41282,0.18718,1.38599,1.38599,0.17042,0.03504,0.0023735,0.0023735,0.0008323,0.0003774
273,-170.40000,-170.40000,-169.82956,-183.20000,-182.70000,-182.83489,-0.57044,-0.57044,-0.36511,0.13489,0.32541,0.32541,0.13330,0.01820,0.0011501,0.0011501,0.0007361,0.0002720
274,-170.30000,-170.30000,-170.10551,-183.20000,-182.70000,-182.88214,-0.19449,-0.19449,-0.31786,0.18214,0.03783,0.03783,0.10104,0.03317,0.0003921,0.0003921,0.0006408,0.0003672
275,-170.30000,-170.30000,-170.38147,-183.20000,-182.70000,-182.92799,0.08147,0.08147,-0.27201,0.22799,0.00664,0.00664,0.07399,0.05198,0.0001642,0.0001642,0.0005484,0.0004596
276,-170.60000,-170.60000,-170.65742,-183.20000,-182.70000,-182.97383,0.05742,0.05742,-0.22617,0.27383,0.00330,0.00330,0.05115,0.07498,0.0001158,0.0001158,0.0004560,0.0005521
277,-170.90000,-170.90000,-170.96902,-183.20000,-182.70000,-183.01968,0.06902,0.06902,-0.18032,0.31968,0.00476,0.00476,0.03252,0.10219,0.0001391,0.0001391,0.0003636,0.0006445
278,-171.20000,-171.20000,-171.28106,-183.10000,-182.70000,-183.06553,0.08106,0.08106,-0.03447,0.36553,0.00657,0.00657,0.00119,0.13361,0.0001634,0.0001634,0.0000695,0.0007369
279,-171.30000,-171.30000,-171.59310,-183.10000,-182.70000,-183.11288,0.29310,0.29310,0.01288,0.41288,0.08591,0.08591,0.00017,0.17047,0.0005909,0.0005909,0.0000260,0.0008324
280,-171.40000,-171.40000,-171.95404,-183.10000,-182.80000,-183.16152,0.55404,0.55404,0.06152,0.36152,0.30696,0.30696,0.00378,0.13070,0.0011170,0.0011170,0.0001240,0.0007289
281,-171.60000,-171.60000,-172.31646,-183.10000,-182.80000,-183.21016,0.71646,0.71646,0.11016,0.41016,0.51331,0.51331,0.01214,0.16823,0.0014445,0.0014445,0.0002221,0.0008269
282,-171.90000,-171.90000,-172.67888,-183.10000,-182.80000,-183.25881,0.77888,0.77888,0.15881,0.45881,0.60666,0.60666,0.02522,0.21050,0.0015703,0.0015703,0.0003202,0.0009250
283,-172.30000,-172.30000,-173.04130,-183.10000,-182.80000,-183.30745,0.74130,0.74130,0.20745,0.50745,0.54953,0.54953,0.04304,0.25751,0.0014946,0.0014946,0.0004182,0.0010231
284,-172.60000,-172.60000,-173.49021,-183.00000,-182.90000,-183.35609,0.89021,0.89021,0.35609,0.45609,0.79248,0.79248,0.12680,0.20802,0.0017948,0.0017948,0.0007179,0.0009195
285,-172.90000,-172.90000,-173.95561,-183.00000,-182.90000,-183.40474,1.05561,1.05561,0.40474,0.50474,1.11431,1.11431,0.16381,0.25476,0.0021282,0.0021282,0.0008160,0.0010176
286,-173.20000,-173.20000,-174.37089,-183.00000,-182.90000,-183.45338,1.17089,1.17089,0.45338,0.55338,1.37098,1.37098,0.20555,0.30623,0.0023607,0.0023607,0.0009141,0.0011157
287,-173.40000,-173.40000,-174.75964,-183.00000,-182.90000,-183.50202,1.35964,1.35964,0.50202,0.60202,1.84861,1.84861,0.25203,0.36243,0.0027412,0.0027412,0.0010121,0.0012138
288,-173.70000,-173.70000,-175.11732,-183.00000,-183.00000,-183.55066,1.41732,1.41732,0.55066,0.55066,2.00878,2.00878,0.30323,0.30323,0.0028575,0.0028575,0.0011102,0.0011102
289,-174.20000,-174.20000,-175.49518,-183.00000,-183.00000,-183.57913,1.29518,1.29518,0.57913,0.57913,1.67749,1.67749,0.33539,0.33539,0.0026113,0.0026113,0.0011676,0.0011676
290,-174.80000,-174.80000,-175.79730,-183.10000,-183.00000,-183.60194,0.99730,0.99730,0.50194,0.60194,0.99461,0.99461,0.25195,0.36234,0.0020107,0.0020107,0.0010120,0.0012136
291,-175.40000,-175.40000,-176.06106,-183.10000,-183.10000,-183.62476,0.66106,0.66106,0.52476,0.52476,0.43700,0.43700,0.27537,0.27537,0.0013328,0.0013328,0.0010580,0.0010580
292,-175.90000,-175.90000,-176.30878,-183.10000,-183.10000,-183.64757,0.40878,0.40878,0.54757,0.54757,0.16710,0.16710,0.29983,0.29983,0.0008242,0.0008242,0.0011040,0.0011040
293,-176.50000,-176.50000,-176.54214,-183.10000,-183.10000,-183.68103,0.04214,0.04214,0.58103,0.58103,0.00178,0.00178,0.33759,0.33759,0.0000850,0.0000850,0.0011714,0.0011714
294,-177.10000,-177.10000,-176.73025,-183.10000,-183.20000,-183.71596,-0.36975,-0.36975,0.61596,0.51596,0.13672,0.13672,0.37941,0.26622,0.0007455,0.0007455,0.0012419,0.0010403
295,-177.50000,-177.50000,-176.90307,-183.20000,-183.20000,-183.75123,-0.59693,-0.59693,0.55123,0.55123,0.35632,0.35632,0.30385,0.30385,0.0012035,0.0012035,0.0011113,0.0011113
296,-177.80000,-177.80000,-177.03049,-183.20000,-183.30000,-183.78685,-0.76951,-0.76951,0.58685,0.48685,0.59215,0.59215,0.34439,0.23702,0.0015514,0.0015514,0.0011832,0.0009815
297,-178.10000,-178.10000,-177.12486,-183.30000,-183.30000,-183.79903,-0.97514,-0.97514,0.49903,0.49903,0.95090,0.95090,0.24903,0.24903,0.0019660,0.0019660,0.0010061,0.0010061
298,-178.40000,-178.40000,-177.16845,-183.30000,-183.30000,-183.78873,-1.23155,-1.23155,0.48873,0.48873,1.51671,1.51671,0.23885,0.23885,0.0024830,0.0024830,0.0009853,0.0009853
299,-178.80000,-178.80000,-177.21205,-183.40000,-183.40000,-183.77786,-1.58795,-1.58795,0.37786,0.37786,2.52159,2.52159,0.14278,0.14278,0.0032015,0.0032015,0.0007618,0.0007618
300,-179.00000,-179.00000,-177.23952,-183.40000,-183.40000,-183.76700,-1.76048,-1.76048,0.36700,0.36700,3.09930,3.09930,0.13469,0.13469,0.0035494,0.0035494,0.0007399,0.0007399
301,-179.20000,-179.20000,-177.22147,-183.50000,-183.50000,-183.75614,-1.97853,-1.97853,0.25614,0.25614,3.91459,3.91459,0.06561,0.06561,0.0039890,0.0039890,0.0005164,0.0005164
302,-179.30000,-179.30000,-177.16957,-183.50000,-183.50000,-183.74528,-2.13043,-2.13043,0.24528,0.24528,4.53872,4.53872,0.06016,0.06016,0.0042952,0.0042952,0.0004945,0.0004945
303,-179.30000,-179.30000,-177.11782,-183.60000,-183.50000,-183.73441,-2.18218,-2.18218,0.13441,0.23441,4.76191,4.76191,0.01807,0.05495,0.0043996,0.0043996,0.0002710,0.0004726
304,-179.20000,-179.20000,-177.06626,-183.60000,-183.60000,-183.72355,-2.13374,-2.13374,0.12355,0.12355,4.55284,4.55284,0.01526,0.01526,0.0043019,0.0043019,0.0002491,0.0002491
305,-178.90000,-178.90000,-177.01470,-183.70000,-183.60000,-183.71269,-1.88530,-1.88530,0.01269,0.11269,3.55435,3.55435,0.00016,0.01270,0.0038010,0.0038010,0.0000256,0.0002272
306,-178.70000,-178.70000,-176.96314,-183.70000,-183.70000,-183.70183,-1.73686,-1.73686,0.00183,0.00183,3.01667,3.01667,0.00000,0.00000,0.0035017,0.0035017,0.0000037,0.0000037
307,-178.50000,-178.50000,-176.91484,-183.80000,-183.70000,-183.66834,-1.58516,-1.58516,-0.13166,-0.03166,2.51273,2.51273,0.01733,0.00100,0.0031959,0.0031959,0.0002654,0.0000638
308,-178.40000,-178.40000,-176.86861,-183.80000,-183.70000,-183.61091,-1.53139,-1.53139,-0.18909,-0.08909,2.34514,2.34514,0.03575,0.00794,0.0030875,0.0030875,0.0003812,0.0001796
309,-178.30000,-178.30000,-176.82239,-183.80000,-183.80000,-183.54832,-1.47761,-1.47761,-0.25168,-0.25168,2.18334,2.18334,0.06335,0.06335,0.0029791,0.0029791,0.0005074,0.0005074
310,-178.30000,-178.30000,-176.83006,-183.90000,-183.80000,-183.48572,-1.46994,-1.46994,-0.41428,-0.31428,2.16073,2.16073,0.17163,0.09877,0.0029636,0.0029636,0.0008352,0.0006336
311,-178.30000,-178.30000,-176.84219,-183.90000,-183.80000,-183.42312,-1.45781,-1.45781,-0.47688,-0.37688,2.12522,2.12522,0.22741,0.14204,0.0029391,0.0029391,0.0009614,0.0007598
312,-178.40000,-178.40000,-176.85431,-183.90000,-183.90000,-183.34928,-1.54569,-1.54569,-0.55072,-0.55072,2.38915,2.38915,0.30330,0.30330,0.0031163,0.0031163,0.0011103,0.0011103
313,-178.50000,-178.50000,-176.87995,-183.90000,-183.90000,-183.24135,-1.62005,-1.62005,-0.65865,-0.65865,2.62456,2.62456,0.43382,0.43382,0.0032662,0.0032662,0.0013279,0.0013279
314,-178.50000,-178.50000,-176.94670,-183.90000,-183.90000,-183.13342,-1.55330,-1.55330,-0.76658,-0.76658,2.41275,2.41275,0.58764,0.58764,0.0031317,0.0031317,0.0015455,0.0015455
315,-178.50000,-178.50000,-177.01344,-183.90000,-183.90000,-183.02549,-1.48656,-1.48656,-0.87451,-0.87451,2.20985,2.20985,0.76476,0.76476,0.0029971,0.0029971,0.0017631,0.0017631
316,-178.50000,-178.50000,-177.08019,-183.90000,-183.90000,-182.94436,-1.41981,-1.41981,-0.95564,-0.95564,2.01586,2.01586,0.91325,0.91325,0.0028625,0.0028625,0.0019267,0.0019267
317,-178.50000,-178.50000,-177.14694,-183.90000,-184.00000,-182.93271,-1.35306,-1.35306,-0.96729,-1.06729,1.83078,1.83078,0.93565,1.13911,0.0027280,0.0027280,0.0019502,0.0021518
318,-178.50000,-178.50000,-177.21368,-183.90000,-184.00000,-182.93118,-1.28632,-1.28632,-0.96882,-1.06882,1.65461,1.65461,0.93861,1.14237,0.0025934,0.0025934,0.0019533,0.0021549
319,-178.50000,-178.50000,-177.29264,-183.90000,-184.00000,-182.92193,-1.20736,-1.20736,-0.97807,-1.07807,1.45771,1.45771,0.95661,1.16223,0.0024342,0.0024342,0.0019719,0.0021735
320,-178.50000,-178.50000,-177.37971,-183.80000,-184.00000,-182.91269,-1.12029,-1.12029,-0.88731,-1.08731,1.25506,1.25506,0.78733,1.18225,0.0022587,0.0022587,0.0017889,0.0021922
321,-178.60000,-178.60000,-177.46982,-183.80000,-184.00000,-182.90344,-1.13018,-1.13018,-0.89656,-1.09656,1.27731,1.27731,0.80383,1.20245,0.0022786,0.0022786,0.0018076,0.0022108
322,-178.70000,-178.70000,-177.55993,-183.80000,-184.00000,-182.89419,-1.14007,-1.14007,-0.90581,-1.10581,1.29975,1.29975,0.82050,1.22282,0.0022985,0.0022985,0.0018262,0.0022295
323,-178.80000,-178.80000,-177.65005,-183.70000,-184.00000,-182.88494,-1.14995,-1.14995,-0.81506,-1.11506,1.32239,1.32239,0.66432,1.24336,0.0023185,0.0023185,0.0016433,0.0022481
324,-179.00000,-179.00000,-177.74016,-183.70000,-184.00000,-182.87569,-1.25984,-1.25984,-0.82431,-1.12431,1.58719,1.58719,0.67949,1.26407,0.0025400,0.0025400,0.0016619,0.0022668
325,-179.20000,-179.20000,-177.82504,-183.60000,-184.00000,-182.86644,-1.37496,-1.37496,-0.73356,-1.13356,1.89050,1.89050,0.53811,1.28496,0.0027721,0.0027721,0.0014789,0.0022854
326,-179.40000,-179.40000,-177.86906,-183.60000,-184.00000,-182.85719,-1.53094,-1.53094,-0.74281,-1.14281,2.34378,2.34378,0.55176,1.30601,0.0030866,0.0030866,0.0014976,0.0023040
327,-179.50000,-179.50000,-177.84393,-183.50000,-183.90000,-182.84794,-1.65607,-1.65607,-0.65206,-1.05206,2.74257,2.74257,0.42518,1.10682,0.0033389,0.0033389,0.0013146,0.0021211
328,-179.50000,-179.50000,-177.81945,-183.50000,-183.90000,-182.83869,-1.68055,-1.68055,-0.66131,-1.06131,2.82425,2.82425,0.43732,1.12637,0.0033882,0.0033882,0.0013333,0.0021397
329,-179.50000,-179.50000,-177.79633,-183.40000,-183.90000,-182.82945,-1.70367,-1.70367,-0.57055,-1.07055,2.90250,2.90250,0.32553,1.14609,0.0034348,0.0034348,0.0011503,0.0021584
330,-179.30000,-179.30000,-177.77320,-183.40000,-183.90000,-182.82020,-1.52680,-1.52680,-0.57980,-1.07980,2.33110,2.33110,0.33617,1.16597,0.0030782,0.0030782,0.0011690,0.0021770
331,-179.00000,-179.00000,-177.73186,-183.30000,-183.90000,-182.81095,-1.26814,-1.26814,-0.48905,-1.08905,1.60817,1.60817,0.23917,1.18603,0.0025567,0.0025567,0.0009860,0.0021957
332,-178.60000,-178.60000,-177.62825,-183.30000,-183.90000,-182.80170,-0.97175,-0.97175,-0.49830,-1.09830,0.94430,0.94430,0.24830,1.20626,0.0019592,0.0019592,0.0010046,0.0022143
333,-178.20000,-178.20000,-177.50387,-183.20000,-183.80000,-182.79605,-0.69613,-0.69613,-0.40395,-1.00395,0.48459,0.48459,0.16317,1.00791,0.0014035,0.0014035,0.0008144,0.0020241
334,-177.70000,-177.70000,-177.36590,-183.10000,-183.80000,-182.79167,-0.33410,-0.33410,-0.30833,-1.00833,0.11162,0.11162,0.09507,1.01674,0.0006736,0.0006736,0.0006216,0.0020329
335,-177.10000,-177.10000,-177.22717,-183.10000,-183.80000,-182.78728,0.12717,0.12717,-0.31272,-1.01272,0.01617,0.01617,0.09779,1.02560,0.0002564,0.0002564,0.0006305,0.0020418
336,-176.40000,-176.40000,-177.06363,-183.00000,-183.80000,-182.78289,0.66363,0.66363,-0.21711,-1.01711,0.44041,0.44041,0.04713,1.03450,0.0013380,0.0013380,0.0004377,0.0020506
337,-175.70000,-175.70000,-176.90009,-182.90000,-183.80000,-182.77851,1.20009,1.20009,-0.12149,-1.02149,1.44022,1.44022,0.01476,1.04344,0.0024195,0.0024195,0.0002449,0.0020595
338,-175.00000,-175.00000,-176.69805,-182.90000,-183.70000,-182.77412,1.69805,1.69805,-0.12588,-0.92588,2.88338,2.88338,0.01584,0.85725,0.0034235,0.0034235,0.0002538,0.0018667
339,-174.40000,-174.40000,-176.48134,-182.80000,-183.70000,-182.73371,2.08134,2.08134,-0.06629,-0.96629,4.33198,4.33198,0.00439,0.93371,0.0041963,0.0041963,0.0001336,0.0019482
340,-173.70000,-173.70000,-176.22965,-182.70000,-183.70000,-182.68731,2.52965,2.52965,-0.01269,-1.01269,6.39911,6.39911,0.00016,1.02555,0.0051001,0.0051001,0.0000256,0.0020417
341,-173.10000,-173.10000,-175.96554,-182.70000,-183.60000,-182.64090,2.86554,2.86554,-0.05910,-0.95910,8.21133,8.21133,0.00349,0.91987,0.0057773,0.0057773,0.0001191,0.0019337
342,-172.80000,-172.80000,-175.64975,-182.60000,-183.60000,-182.59450,2.84975,2.84975,-0.00550,-1.00550,8.12106,8.12106,0.00003,1.01104,0.0057455,0.0057455,0.0000111,0.0020272
343,-172.80000,-172.80000,-175.19287,-182.60000,-183.60000,-182.54809,2.39287,2.39287,-0.05191,-1.05191,5.72583,5.72583,0.00269,1.10651,0.0048243,0.0048243,0.0001047,0.0021208
344,-173.20000,-173.20000,-174.66631,-182.50000,-183.60000,-182.50169,1.46631,1.46631,0.00169,-1.09831,2.15006,2.15006,0.00000,1.20629,0.0029563,0.0029563,0.0000034,0.0022143
345,-173.60000,-173.60000,-174.12627,-182.50000,-183.50000,-182.45528,0.52627,0.52627,-0.04472,-1.04472,0.27696,0.27696,0.00200,1.09144,0.0010610,0.0010610,0.0000902,0.0021063
346,-173.60000,-173.60000,-173.58623,-182.50000,-183.50000,-182.40888,-0.01377,-0.01377,-0.09112,-1.09112,0.00019,0.00019,0.00830,1.19055,0.0000278,0.0000278,0.0001837,0.0021998
347,-173.20000,-173.20000,-172.97073,-182.50000,-183.50000,-182.36247,-0.22927,-0.22927,-0.13753,-1.13753,0.05257,0.05257,0.01891,1.29397,0.0004622,0.0004622,0.0002773,0.0022934
348,-172.60000,-172.60000,-172.30755,-182.40000,-183.40000,-182.31606,-0.29245,-0.29245,-0.08394,-1.08394,0.08553,0.08553,0.00705,1.17492,0.0005896,0.0005896,0.0001692,0.0021854
349,-171.80000,-171.80000,-171.61729,-182.40000,-183.40000,-182.26966,-0.18271,-0.18271,-0.13034,-1.13034,0.03338,0.03338,0.01699,1.27767,0.0003684,0.0003684,0.0002628,0.0022789
350,-171.00000,-171.00000,-170.90614,-182.40000,-183.40000,-182.22319,-0.09386,-0.09386,-0.17681,-1.17681,0.00881,0.00881,0.03126,1.38489,0.0001892,0.0001892,0.0003565,0.0023726
351,-170.30000,-170.30000,-170.18616,-182.40000,-183.40000,-182.17585,-0.11384,-0.11384,-0.22415,-1.22415,0.01296,0.01296,0.05024,1.49854,0.0002295,0.0002295,0.0004519,0.0024680
352,-169.90000,-169.90000,-169.46763,-182.50000,-183.30000,-182.12768,-0.43237,-0.43237,-0.37232,-1.17232,0.18695,0.18695,0.13862,1.37433,0.0008717,0.0008717,0.0007506,0.0023635
353,-169.70000,-169.70000,-168.75549,-182.50000,-183.30000,-182.07952,-0.94451,-0.94451,-0.42048,-1.22048,0.89209,0.89209,0.17681,1.48958,0.0019042,0.0019042,0.0008478,0.0024607
354,-169.60000,-169.60000,-168.10116,-182.50000,-183.30000,-182.03135,-1.49884,-1.49884,-0.46865,-1.26865,2.24653,2.24653,0.21963,1.60948,0.0030219,0.0030219,0.0009449,0.0025578
355,-169.20000,-169.20000,-167.51206,-182.60000,-183.30000,-181.98318,-1.68794,-1.68794,-0.61682,-1.31682,2.84915,2.84915,0.38047,1.73402,0.0034031,0.0034031,0.0012436,0.0026549
356,-168.60000,-168.60000,-166.94225,-182.60000,-183.20000,-181.93501,-1.65775,-1.65775,-0.66499,-1.26499,2.74812,2.74812,0.44221,1.60019,0.0033422,0.0033422,0.0013407,0.0025504
357,-167.80000,-167.80000,-166.44343,-182.70000,-183.20000,-181.88684,-1.35657,-1.35657,-0.81316,-1.31316,1.84028,1.84028,0.66122,1.72438,0.0027350,0.0027350,0.0016394,0.0026475
358,-167.00000,-167.00000,-165.98130,-182.70000,-183.20000,-181.83868,-1.01870,-1.01870,-0.86132,-1.36132,1.03775,1.03775,0.74188,1.85320,0.0020538,0.0020538,0.0017365,0.0027446
359,-166.20000,-166.20000,-165.51917,-182.80000,-183.20000,-181.80305,-0.68083,-0.68083,-0.99695,-1.39695,0.46353,0.46353,0.99391,1.95148,0.0013726,0.0013726,0.0020100,0.0028164
360,-165.60000,-165.60000,-165.05686,-182.90000,-183.20000,-181.76668,-0.54314,-0.54314,-1.13332,-1.43332,0.29500,0.29500,1.28441,2.05440,0.0010950,0.0010950,0.0022849,0.0028898
361,-165.10000,-165.10000,-164.62700,-183.00000,-183.10000,-181.72970,-0.47300,-0.47300,-1.27030,-1.37030,0.22373,0.22373,1.61366,1.87772,0.0009536,0.0009536,0.0025611,0.0027627
362,-164.90000,-164.90000,-164.25805,-183.00000,-183.10000,-181.69272,-0.64195,-0.64195,-1.30728,-1.40728,0.41210,0.41210,1.70898,1.98043,0.0012943,0.0012943,0.0026356,0.0028373
363,-164.80000,-164.80000,-163.93801,-183.10000,-183.10000,-181.65559,-0.86199,-0.86199,-1.44441,-1.44441,0.74303,0.74303,2.08632,2.08632,0.0017379,0.0017379,0.0029121,0.0029121
364,-164.80000,-164.80000,-163.85909,-183.20000,-183.10000,-181.61774,-0.94091,-0.94091,-1.58226,-1.48226,0.88532,0.88532,2.50354,2.19708,0.0018970,0.0018970,0.0031900,0.0029884
365,-164.70000,-164.70000,-163.82442,-183.20000,-183.10000,-181.59362,-0.87558,-0.87558,-1.60638,-1.50638,0.76663,0.76663,2.58044,2.26917,0.0017653,0.0017653,0.0032387,0.0030370
366,-164.50000,-164.50000,-163.87805,-183.30000,-183.10000,-181.58685,-0.62195,-0.62195,-1.71315,-1.51315,0.38682,0.38682,2.93488,2.28962,0.0012539,0.0012539,0.0034539,0.0030507
367,-164.20000,-164.20000,-164.05110,-183.30000,-183.10000,-181.58291,-0.14890,-0.14890,-1.71709,-1.51709,0.02217,0.02217,2.94839,2.30156,0.0003002,0.0003002,0.0034619,0.0030586
368,-164.00000,-164.00000,-164.35377,-183.40000,-183.10000,-181.57897,0.35377,0.35377,-1.82103,-1.52103,0.12515,0.12515,3.31614,2.31352,0.0007132,0.0007132,0.0036714,0.0030666
369,-164.10000,-164.10000,-164.70486,-183.40000,-183.10000,-181.57504,0.60486,0.60486,-1.82496,-1.52496,0.36586,0.36586,3.33050,2.32552,0.0012195,0.0012195,0.0036794,0.0030745
370,-164.40000,-164.40000,-165.11711,-183.50000,-183.10000,-181.57110,0.71711,0.71711,-1.92890,-1.52890,0.51424,0.51424,3.72067,2.33754,0.0014458,0.0014458,0.0038889,0.0030825
371,-164.60000,-164.60000,-165.58616,-183.50000,-183.10000,-181.56716,0.98616,0.98616,-1.93284,-1.53284,0.97251,0.97251,3.73587,2.34960,0.0019882,0.0019882,0.0038969,0.0030904
372,-164.80000,-164.80000,-166.16266,-183.50000,-183.10000,-181.56322,1.36266,1.36266,-1.93678,-1.53678,1.85685,1.85685,3.75111,2.36169,0.0027473,0.0027473,0.0039048,0.0030983
373,-164.80000,-164.80000,-166.73917,-183.60000,-183.10000,-181.55928,1.93917,1.93917,-2.04072,-1.54072,3.76036,3.76036,4.16453,2.37381,0.0039096,0.0039096,0.0041143,0.0031063
374,-164.80000,-164.80000,-167.37503,-183.60000,-183.10000,-181.55655,2.57503,2.57503,-2.04345,-1.54345,6.63075,6.63075,4.17568,2.38223,0.0051916,0.0051916,0.0041199,0.0031118
375,-164.90000,-164.90000,-168.02135,-183.60000,-183.10000,-181.55383,3.12135,3.12135,-2.04617,-1.54617,9.74283,9.74283,4.18683,2.39065,0.0062930,0.0062930,0.0041254,0.0031173
376,-165.00000,-165.00000,-168.69032,-183.60000,-183.10000,-181.55110,3.69032,3.69032,-2.04890,-1.54890,13.61847,13.61847,4.19799,2.39909,0.0074402,0.0074402,0.0041308,0.0031228
377,-165.40000,-165.40000,-169.36312,-183.60000,-183.10000,-181.54838,3.96312,3.96312,-2.05162,-1.55162,15.70630,15.70630,4.20916,2.40754,0.0079902,0.0079902,0.0041363,0.0031283
378,-165.90000,-165.90000,-170.03591,-183.50000,-183.10000,-181.54565,4.13591,4.13591,-1.95435,-1.55435,17.10578,17.10578,3.81949,2.41601,0.0083385,0.0083385,0.0039402,0.0031338
379,-166.70000,-166.70000,-170.71581,-183.50000,-183.10000,-181.55980,4.01581,4.01581,-1.94020,-1.54020,16.12673,16.12673,3.76438,2.37222,0.0080964,0.0080964,0.0039117,0.0031052
380,-167.60000,-167.60000,-171.40609,-183.50000,-183.10000,-181.57581,3.80609,3.80609,-1.92419,-1.52419,14.48632,14.48632,3.70253,2.32317,0.0076736,0.0076736,0.0038794,0.0030730
381,-168.50000,-168.50000,-172.08910,-183.50000,-183.10000,-181.59181,3.58910,3.58910,-1.90819,-1.50819,12.88161,12.88161,3.64118,2.27463,0.0072361,0.0072361,0.0038472,0.0030407
382,-169.60000,-169.60000,-172.62500,-183.40000,-183.10000,-181.60782,3.02500,3.02500,-1.79218,-1.49218,9.15062,9.15062,3.21191,2.22660,0.0060988,0.0060988,0.0036133,0.0030084
383,-170.60000,-170.60000,-173.09032,-183.40000,-183.10000,-181.62383,2.49032,2.49032,-1.77617,-1.47617,6.20170,6.20170,3.15479,2.17908,0.0050208,0.0050208,0.0035810,0.0029762
384,-171.60000,-171.60000,-173.56575,-183.30000,-183.10000,-181.64235,1.96575,1.96575,-1.65765,-1.45765,3.86418,3.86418,2.74780,2.12474,0.0039632,0.0039632,0.0033420,0.0029388
385,-172.70000,-172.70000,-174.01386,-183.30000,-183.10000,-181.66511,1.31386,1.31386,-1.63489,-1.43489,1.72623,1.72623,2.67287,2.05891,0.0026489,0.0026489,0.0032962,0.0028929
386,-173.70000,-173.70000,-174.44633,-183.20000,-183.10000,-181.68787,0.74633,0.74633,-1.51213,-1.41213,0.55701,0.55701,2.28655,1.99412,0.0015047,0.0015047,0.0030487,0.0028470
387,-174.80000,-174.80000,-175.01817,-183.20000,-183.20000,-181.71062,0.21817,0.21817,-1.48938,-1.48938,0.04760,0.04760,2.21824,2.21824,0.0004399,0.0004399,0.0030028,0.0030028
388,-175.90000,-175.90000,-175.53700,-183.10000,-183.20000,-181.73338,-0.36300,-0.36300,-1.36662,-1.46662,0.13177,0.13177,1.86764,2.15097,0.0007319,0.0007319,0.0027553,0.0029569
389,-176.90000,-176.90000,-176.05583,-183.00000,-183.20000,-181.75614,-0.84417,-0.84417,-1.24386,-1.44386,0.71262,0.71262,1.54719,2.08473,0.0017020,0.0017020,0.0025078,0.0029110
390,-177.80000,-177.80000,-176.57466,-183.00000,-183.20000,-181.77890,-1.22534,-1.22534,-1.22110,-1.42110,1.50146,1.50146,1.49109,2.01953,0.0024704,0.0024704,0.0024619,0.0028651
391,-178.60000,-178.60000,-177.06035,-182.90000,-183.20000,-181.80166,-1.53965,-1.53965,-1.09834,-1.39834,2.37054,2.37054,1.20636,1.95537,0.0031041,0.0031041,0.0022144,0.0028192
392,-179.10000,-179.10000,-177.53227,-182.80000,-183.20000,-181.82441,-1.56773,-1.56773,-0.97559,-1.37559,2.45779,2.45779,0.95177,1.89224,0.0031608,0.0031608,0.0019669,0.0027734
393,-179.60000,-179.60000,-177.96734,-182.70000,-183.20000,-181.84712,-1.63266,-1.63266,-0.85288,-1.35288,2.66559,2.66559,0.72741,1.83029,0.0032917,0.0032917,0.0017195,0.0027276
394,-179.80000,-179.80000,-178.21093,-182.60000,-183.20000,-181.86803,-1.58907,-1.58907,-0.73197,-1.33197,2.52515,2.52515,0.53577,1.77413,0.0032038,0.0032038,0.0014757,0.0026854
395,-180.00000,-180.00000,-178.41869,-182.60000,-183.20000,-181.88895,-1.58131,-1.58131,-0.71105,-1.31105,2.50054,2.50054,0.50560,1.71886,0.0031881,0.0031881,0.0014336,0.0026433
396,-180.10000,-180.10000,-178.54709,-182.50000,-183.20000,-181.90986,-1.55291,-1.55291,-0.59014,-1.29014,2.41153,2.41153,0.34826,1.66446,0.0031309,0.0031309,0.0011898,0.0026011
397,-180.00000,-180.00000,-178.54567,-182.40000,-183.20000,-181.93078,-1.45433,-1.45433,-0.46922,-1.26922,2.11509,2.11509,0.22017,1.61093,0.0029321,0.0029321,0.0009460,0.0025589
398,-180.00000,-180.00000,-178.54424,-182.30000,-183.20000,-181.95169,-1.45576,-1.45576,-0.34831,-1.24831,2.11923,2.11923,0.12132,1.55828,0.0029350,0.0029350,0.0007022,0.0025168
399,-179.80000,-179.80000,-178.52456,-182.10000,-183.20000,-181.97261,-1.27544,-1.27544,-0.12739,-1.22739,1.62674,1.62674,0.01623,1.50650,0.0025714,0.0025714,0.0002568,0.0024746
400,-179.60000,-179.60000,-178.49764,-182.00000,-183.20000,-181.98960,-1.10236,-1.10236,-0.01040,-1.21040,1.21519,1.21519,0.00011,1.46507,0.0022225,0.0022225,0.0000210,0.0024403
401,-179.40000,-179.40000,-178.45884,-181.90000,-183.20000,-181.99589,-0.94116,-0.94116,0.09589,-1.20411,0.88578,0.88578,0.00919,1.44989,0.0018975,0.0018975,0.0001933,0.0024276
402,-179.20000,-179.20000,-178.39486,-181.80000,-183.20000,-182.00217,-0.80514,-0.80514,0.20217,-1.19783,0.64825,0.64825,0.04087,1.43480,0.0016233,0.0016233,0.0004076,0.0024150
403,-178.80000,-178.80000,-178.33087,-181.70000,-183.20000,-182.00846,-0.46913,-0.46913,0.30846,-1.19154,0.22008,0.22008,0.09514,1.41978,0.0009458,0.0009458,0.0006219,0.0024023
404,-178.50000,-178.50000,-178.26689,-181.50000,-183.20000,-182.01474,-0.23311,-0.23311,0.51474,-1.18526,0.05434,0.05434,0.26496,1.40484,0.0004700,0.0004700,0.0010378,0.0023896
405,-178.10000,-178.10000,-178.08190,-181.40000,-183.20000,-182.02102,-0.01810,-0.01810,0.62102,-1.17898,0.00033,0.00033,0.38567,1.38998,0.0000365,0.0000365,0.0012521,0.0023770
406,-177.60000,-177.60000,-177.84195,-181.30000,-183.20000,-182.02731,0.24195,0.24195,0.72731,-1.17269,0.05854,0.05854,0.52898,1.37520,0.0004878,0.0004878,0.0014663,0.0023643
407,-177.10000,-177.10000,-177.60201,-181.10000,-183.20000,-182.03411,0.50201,0.50201,0.93411,-1.16589,0.25201,0.25201,0.87255,1.35931,0.0010121,0.0010121,0.0018833,0.0023506
408,-176.60000,-176.60000,-177.36206,-181.00000,-183.20000,-182.04175,0.76206,0.76206,1.04175,-1.15825,0.58074,0.58074,1.08524,1.34154,0.0015364,0.0015364,0.0021003,0.0023352
409,-176.10000,-176.10000,-177.12212,-180.90000,-183.20000,-182.04939,1.02212,1.02212,1.14939,-1.15061,1.04472,1.04472,1.32111,1.32389,0.0020607,0.0020607,0.0023173,0.0023198
410,-175.50000,-175.50000,-176.85979,-180.70000,-183.20000,-182.05704,1.35979,1.35979,1.35704,-1.14296,1.84902,1.84902,1.84155,1.30636,0.0027415,0.0027415,0.0027360,0.0023044
411,-175.10000,-175.10000,-176.58610,-180.60000,-183.20000,-182.06468,1.48610,1.48610,1.46468,-1.13532,2.20848,2.20848,2.14530,1.28894,0.0029962,0.0029962,0.0029530,0.0022889
412,-174.70000,-174.70000,-176.29843,-180.40000,-183.20000,-182.07233,1.59843,1.59843,1.67233,-1.12767,2.55498,2.55498,2.79668,1.27164,0.0032226,0.0032226,0.0033716,0.0022735
413,-174.30000,-174.30000,-176.00972,-180.30000,-183.20000,-182.07997,1.70972,1.70972,1.77997,-1.12003,2.92315,2.92315,3.16830,1.25446,0.0034470,0.0034470,0.0035887,0.0022581
414,-174.10000,-174.10000,-175.72101,-180.10000,-183.10000,-182.08762,1.62101,1.62101,1.98762,-1.01238,2.62768,2.62768,3.95062,1.02492,0.0032682,0.0032682,0.0040073,0.0020411
415,-174.00000,-174.00000,-175.43582,-180.00000,-183.10000,-182.09526,1.43582,1.43582,2.09526,-1.00474,2.06158,2.06158,4.39012,1.00950,0.0028948,0.0028948,0.0042243,0.0020257
416,-173.80000,-173.80000,-175.12128,-179.90000,-183.10000,-182.10291,1.32128,1.32128,2.20291,-0.99709,1.74579,1.74579,4.85279,0.99420,0.0026639,0.0026639,0.0044413,0.0020103
417,-173.60000,-173.60000,-174.84471,-179.70000,-183.10000,-182.11055,1.24471,1.24471,2.41055,-0.98945,1.54931,1.54931,5.81075,0.97901,0.0025095,0.0025095,0.0048600,0.0019949
418,-173.40000,-173.40000,-174.58152,-179.60000,-183.10000,-182.11819,1.18152,1.18152,2.51819,-0.98181,1.39599,1.39599,6.34131,0.96394,0.0023821,0.0023821,0.0050770,0.0019794
419,-173.30000,-173.30000,-174.35567,-179.50000,-183.10000,-182.12584,1.05567,1.05567,2.62584,-0.97416,1.11444,1.11444,6.89503,0.94899,0.0021284,0.0021284,0.0052940,0.0019640
420,-173.30000,-173.30000,-174.21455,-179.30000,-183.10000,-182.12361,0.91455,0.91455,2.82361,-0.97639,0.83640,0.83640,7.97280,0.95333,0.0018439,0.0018439,0.0056928,0.0019685
421,-173.40000,-173.40000,-174.10947,-179.20000,-183.10000,-182.11820,0.70947,0.70947,2.91820,-0.98180,0.50334,0.50334,8.51588,0.96393,0.0014304,0.0014304,0.0058835,0.0019794
422,-173.60000,-173.60000,-174.06071,-179.10000,-183.10000,-182.11277,0.46071,0.46071,3.01277,-0.98723,0.21225,0.21225,9.07681,0.97461,0.0009288,0.0009288,0.0060741,0.0019904
423,-173.80000,-173.80000,-174.01196,-179.00000,-183.10000,-182.10735,0.21196,0.21196,3.10735,-0.99265,0.04493,0.04493,9.65563,0.98535,0.0004273,0.0004273,0.0062648,0.0020013
424,-174.10000,-174.10000,-173.97312,-179.00000,-183.10000,-182.10193,-0.12688,-0.12688,3.10193,-0.99807,0.01610,0.01610,9.62195,0.99615,0.0002558,0.0002558,0.0062539,0.0020122
425,-174.30000,-174.30000,-173.93427,-178.90000,-183.10000,-182.09650,-0.36573,-0.36573,3.19650,-1.00350,0.13376,0.13376,10.21763,1.00701,0.0007374,0.0007374,0.0064446,0.0020232
426,-174.40000,-174.40000,-173.89543,-178.80000,-183.10000,-182.09335,-0.50457,-0.50457,3.29335,-1.00665,0.25459,0.25459,10.84612,1.01335,0.0010173,0.0010173,0.0066398,0.0020295
427,-174.50000,-174.50000,-173.86862,-178.80000,-183.10000,-182.09076,-0.63138,-0.63138,3.29076,-1.00924,0.39864,0.39864,10.82909,1.01857,0.0012729,0.0012729,0.0066346,0.0020348
428,-174.50000,-174.50000,-173.85905,-178.70000,-183.10000,-182.08817,-0.64095,-0.64095,3.38817,-1.01183,0.41082,0.41082,11.47972,1.02379,0.0012922,0.0012922,0.0068310,0.0020400
429,-174.40000,-174.40000,-173.78453,-178.70000,-183.00000,-182.08559,-0.61547,-0.61547,3.38559,-0.91441,0.37881,0.37881,11.46220,0.83615,0.0012409,0.0012409,0.0068258,0.0018436
430,-174.40000,-174.40000,-173.67073,-178.70000,-183.00000,-182.08304,-0.72927,-0.72927,3.38304,-0.91696,0.53184,0.53184,11.44498,0.84081,0.0014703,0.0014703,0.0068207,0.0018487
431,-174.30000,-174.30000,-173.55693,-178.70000,-183.00000,-182.08091,-0.74307,-0.74307,3.38091,-0.91909,0.55215,0.55215,11.43055,0.84473,0.0014981,0.0014981,0.0068163,0.0018530
432,-174.20000,-174.20000,-173.44314,-178.70000,-183.00000,-182.07878,-0.75686,-0.75686,3.37878,-0.92122,0.57284,0.57284,11.41612,0.84865,0.0015259,0.0015259,0.0068120,0.0018573
433,-174.10000,-174.10000,-173.32934,-178.70000,-183.00000,-182.07664,-0.77066,-0.77066,3.37664,-0.92336,0.59392,0.59392,11.40171,0.85259,0.0015538,0.0015538,0.0068077,0.0018616
434,-174.10000,-174.10000,-173.23069,-178.80000,-183.00000,-182.07461,-0.86931,-0.86931,3.27461,-0.92539,0.75571,0.75571,10.72304,0.85636,0.0017526,0.0017526,0.0066020,0.0018657
435,-174.10000,-174.10000,-173.18588,-178.80000,-183.00000,-182.07294,-0.91412,-0.91412,3.27294,-0.92706,0.83562,0.83562,10.71213,0.85944,0.0018430,0.0018430,0.0065987,0.0018691
436,-174.10000,-174.10000,-173.18159,-178.90000,-183.00000,-182.07127,-0.91841,-0.91841,3.17127,-0.92873,0.84347,0.84347,10.05697,0.86253,0.0018516,0.0018516,0.0063937,0.0018724
437,-174.20000,-174.20000,-173.19272,-178.90000,-183.00000,-182.06002,-1.00728,-1.00728,3.16002,-0.93998,1.01462,1.01462,9.98572,0.88356,0.0020308,0.0020308,0.0063710,0.0018951
438,-174.30000,-174.30000,-173.22624,-179.00000,-183.00000,-182.03934,-1.07376,-1.07376,3.03934,-0.96066,1.15297,1.15297,9.23760,0.92286,0.0021648,0.0021648,0.0061277,0.0019368
439,-174.40000,-174.40000,-173.34571,-179.10000,-183.00000,-182.01866,-1.05429,-1.05429,2.91866,-0.98134,1.11152,1.11152,8.51860,0.96302,0.0021256,0.0021256,0.0058844,0.0019785
440,-174.60000,-174.60000,-173.51176,-179.20000,-182.90000,-181.99799,-1.08824,-1.08824,2.79799,-0.90201,1.18427,1.18427,7.82873,0.81363,0.0021940,0.0021940,0.0056411,0.0018186
441,-174.80000,-174.80000,-173.73417,-179.20000,-182.90000,-181.97731,-1.06583,-1.06583,2.77731,-0.92269,1.13600,1.13600,7.71344,0.85136,0.0021489,0.0021489,0.0055994,0.0018603
442,-175.10000,-175.10000,-173.95658,-179.30000,-182.90000,-181.95663,-1.14342,-1.14342,2.65663,-0.94337,1.30742,1.30742,7.05769,0.88995,0.0023053,0.0023053,0.0053561,0.0019020
443,-175.40000,-175.40000,-174.17898,-179.40000,-182.90000,-181.93595,-1.22102,-1.22102,2.53595,-0.96405,1.49088,1.49088,6.43106,0.92939,0.0024617,0.0024617,0.0051128,0.0019436
444,-175.70000,-175.70000,-174.40139,-179.50000,-182.90000,-181.91528,-1.29861,-1.29861,2.41528,-0.98472,1.68638,1.68638,5.83355,0.96968,0.0026182,0.0026182,0.0048695,0.0019853
445,-176.00000,-176.00000,-174.62380,-179.60000,-182.90000,-181.89460,-1.37620,-1.37620,2.29460,-1.00540,1.89392,1.89392,5.26518,1.01083,0.0027746,0.0027746,0.0046262,0.0020270
446,-176.20000,-176.20000,-174.85990,-179.70000,-182.90000,-181.87392,-1.34010,-1.34010,2.17392,-1.02608,1.79587,1.79587,4.72593,1.05284,0.0027018,0.0027018,0.0043829,0.0020687
447,-176.40000,-176.40000,-175.05600,-179.80000,-182.90000,-181.85324,-1.34400,-1.34400,2.05324,-1.04676,1.80633,1.80633,4.21580,1.09570,0.0027097,0.0027097,0.0041396,0.0021104
448,-176.60000,-176.60000,-175.25211,-179.90000,-182.80000,-181.83256,-1.34789,-1.34789,1.93256,-0.96744,1.81681,1.81681,3.73480,0.93593,0.0027175,0.0027175,0.0038963,0.0019505
449,-176.70000,-176.70000,-175.42906,-180.00000,-182.80000,-181.81189,-1.27094,-1.27094,1.81189,-0.98811,1.61528,1.61528,3.28293,0.97637,0.0025624,0.0025624,0.0036530,0.0019922
450,-176.80000,-176.80000,-175.55635,-180.10000,-182.80000,-181.79121,-1.24365,-1.24365,1.69121,-1.00879,1.54667,1.54667,2.86019,1.01766,0.0025074,0.0025074,0.0034097,0.0020339
451,-176.80000,-176.80000,-175.61760,-180.20000,-182.80000,-181.77677,-1.18240,-1.18240,1.57677,-1.02323,1.39807,1.39807,2.48621,1.04700,0.0023839,0.0023839,0.0031790,0.0020630
452,-176.70000,-176.70000,-175.60475,-180.30000,-182.80000,-181.76324,-1.09525,-1.09525,1.46324,-1.03676,1.19957,1.19957,2.14108,1.07486,0.0022082,0.0022082,0.0029501,0.0020902
453,-176.70000,-176.70000,-175.56058,-180.40000,-182.80000,-181.74972,-1.13942,-1.13942,1.34972,-1.05028,1.29829,1.29829,1.82173,1.10310,0.0022972,0.0022972,0.0027212,0.0021175
454,-176.60000,-176.60000,-175.51640,-180.50000,-182.80000,-181.73619,-1.08360,-1.08360,1.23619,-1.06381,1.17419,1.17419,1.52816,1.13170,0.0021847,0.0021847,0.0024923,0.0021448
455,-176.50000,-176.50000,-175.47223,-180.60000,-182.70000,-181.72266,-1.02777,-1.02777,1.12266,-0.97734,1.05632,1.05632,1.26036,0.95519,0.0020721,0.0020721,0.0022634,0.0019704
456,-176.50000,-176.50000,-175.42805,-180.70000,-182.70000,-181.70913,-1.07195,-1.07195,1.00913,-0.99087,1.14908,1.14908,1.01835,0.98182,0.0021612,0.0021612,0.0020345,0.0019977
457,-176.40000,-176.40000,-175.38387,-180.80000,-182.70000,-181.69560,-1.01613,-1.01613,0.89560,-1.00440,1.03251,1.03251,0.80210,1.00881,0.0020486,0.0020486,0.0018057,0.0020250
458,-176.30000,-176.30000,-175.33970,-180.80000,-182.70000,-181.68208,-0.96030,-0.96030,0.88208,-1.01792,0.92218,0.92218,0.77806,1.03617,0.0019361,0.0019361,0.0017784,0.0020523
459,-176.30000,-176.30000,-175.29552,-180.90000,-182.70000,-181.66855,-1.00448,-1.00448,0.76855,-1.03145,1.00897,1.00897,0.59066,1.06390,0.0020252,0.0020252,0.0015495,0.0020795
460,-176.30000,-176.30000,-175.24722,-181.00000,-182.60000,-181.65502,-1.05278,-1.05278,0.65502,-0.94498,1.10835,1.10835,0.42905,0.89299,0.0021225,0.0021225,0.0013206,0.0019052
461,-176.20000,-176.20000,-175.15872,-181.10000,-182.60000,-181.64149,-1.04128,-1.04128,0.54149,-0.95851,1.08426,1.08426,0.29321,0.91874,0.0020994,0.0020994,0.0010917,0.0019325
462,-176.20000,-176.20000,-175.06426,-181.10000,-182.60000,-181.62796,-1.13574,-1.13574,0.52796,-0.97204,1.28991,1.28991,0.27874,0.94486,0.0022898,0.0022898,0.0010644,0.0019598
463,-176.20000,-176.20000,-174.94716,-181.20000,-182.60000,-181.61443,-1.25284,-1.25284,0.41443,-0.98557,1.56962,1.56962,0.17176,0.97134,0.0025259,0.0025259,0.0008356,0.0019870
464,-176.10000,-176.10000,-174.92633,-181.30000,-182.50000,-181.60091,-1.17367,-1.17367,0.30091,-0.89909,1.37751,1.37751,0.09054,0.80837,0.0023663,0.0023663,0.0006067,0.0018127
465,-176.10000,-176.10000,-174.92481,-181.30000,-182.50000,-181.58738,-1.17519,-1.17519,0.28738,-0.91262,1.38108,1.38108,0.08259,0.83288,0.0023693,0.0023693,0.0005794,0.0018400
466,-176.10000,-176.10000,-174.92301,-181.40000,-182.50000,-181.57385,-1.17699,-1.17699,0.17385,-0.92615,1.38531,1.38531,0.03022,0.85775,0.0023730,0.0023730,0.0003505,0.0018672
467,-176.20000,-176.20000,-174.97711,-181.40000,-182.40000,-181.56032,-1.22289,-1.22289,0.16032,-0.83968,1.49545,1.49545,0.02570,0.70506,0.0024655,0.0024655,0.0003232,0.0016929
468,-176.30000,-176.30000,-175.08643,-181.50000,-182.40000,-181.54679,-1.21357,-1.21357,0.04679,-0.85321,1.47276,1.47276,0.00219,0.72796,0.0024467,0.0024467,0.0000943,0.0017202
469,-176.40000,-176.40000,-175.18837,-181.50000,-182.40000,-181.53327,-1.21163,-1.21163,0.03327,-0.86673,1.46804,1.46804,0.00111,0.75123,0.0024428,0.0024428,0.0000671,0.0017474
470,-176.60000,-176.60000,-175.29032,-181.60000,-182.40000,-181.51974,-1.30968,-1.30968,-0.08026,-0.88026,1.71526,1.71526,0.00644,0.77486,0.0026405,0.0026405,0.0001618,0.0017747
471,-176.80000,-176.80000,-175.39226,-181.60000,-182.30000,-181.50621,-1.40774,-1.40774,-0.09379,-0.79379,1.98172,1.98172,0.00880,0.63010,0.0028382,0.0028382,0.0001891,0.0016004
472,-177.10000,-177.10000,-175.49421,-181.60000,-182.30000,-181.49268,-1.60579,-1.60579,-0.10732,-0.80732,2.57856,2.57856,0.01152,0.65176,0.0032375,0.0032375,0.0002164,0.0016277
473,-177.30000,-177.30000,-175.59616,-181.70000,-182.30000,-181.47915,-1.70384,-1.70384,-0.22085,-0.82085,2.90308,2.90308,0.04877,0.67379,0.0034352,0.0034352,0.0004453,0.0016549
474,-177.50000,-177.50000,-175.68797,-181.70000,-182.20000,-181.46563,-1.81203,-1.81203,-0.23437,-0.73437,3.28345,3.28345,0.05493,0.53931,0.0036533,0.0036533,0.0004725,0.0014806
475,-177.70000,-177.70000,-175.69351,-181.70000,-182.20000,-181.45210,-2.00649,-2.00649,-0.24790,-0.74790,4.02602,4.02602,0.06146,0.55936,0.0040454,0.0040454,0.0004998,0.0015079
476,-177.90000,-177.90000,-175.69520,-181.80000,-182.10000,-181.43857,-2.20480,-2.20480,-0.36143,-0.66143,4.86116,4.86116,0.13063,0.43749,0.0044452,0.0044452,0.0007287,0.0013335
477,-178.10000,-178.10000,-175.69689,-181.80000,-182.10000,-181.42504,-2.40311,-2.40311,-0.37496,-0.67496,5.77496,5.77496,0.14059,0.45557,0.0048450,0.0048450,0.0007560,0.0013608
478,-178.20000,-178.20000,-175.69858,-181.80000,-182.00000,-181.41128,-2.50142,-2.50142,-0.38872,-0.58872,6.25713,6.25713,0.15111,0.34660,0.0050432,0.0050432,0.0007837,0.0011869
479,-178.30000,-178.30000,-175.70027,-181.80000,-182.00000,-181.40055,-2.59973,-2.59973,-0.39945,-0.59945,6.75862,6.75862,0.15956,0.35934,0.0052414,0.0052414,0.0008053,0.0012086
480,-178.40000,-178.40000,-175.70195,-181.80000,-182.00000,-181.39115,-2.69805,-2.69805,-0.40885,-0.60885,7.27945,7.27945,0.16716,0.37070,0.0054396,0.0054396,0.0008243,0.0012275
481,-178.50000,-178.50000,-175.70313,-181.80000,-181.90000,-181.38174,-2.79687,-2.79687,-0.41826,-0.51826,7.82250,7.82250,0.17494,0.26859,0.0056389,0.0056389,0.0008433,0.0010449
482,-178.60000,-178.60000,-175.70931,-181.80000,-181.90000,-181.37137,-2.89069,-2.89069,-0.42863,-0.52863,8.35610,8.35610,0.18372,0.27945,0.0058280,0.0058280,0.0008642,0.0010658
483,-178.60000,-178.60000,-175.71690,-181.80000,-181.80000,-181.36060,-2.88310,-2.88310,-0.43940,-0.43940,8.31228,8.31228,0.19307,0.19307,0.0058127,0.0058127,0.0008859,0.0008859
484,-178.60000,-178.60000,-175.72449,-181.80000,-181.80000,-181.34983,-2.87551,-2.87551,-0.45017,-0.45017,8.26858,8.26858,0.20266,0.20266,0.0057974,0.0057974,0.0009076,0.0009076
485,-178.70000,-178.70000,-175.73208,-181.80000,-181.70000,-181.33906,-2.96792,-2.96792,-0.46094,-0.36094,8.80858,8.80858,0.21247,0.13028,0.0059837,0.0059837,0.0009293,0.0007277
486,-178.70000,-178.70000,-175.73966,-181.70000,-181.60000,-181.32828,-2.96034,-2.96034,-0.37172,-0.27172,8.76359,8.76359,0.13817,0.07383,0.0059684,0.0059684,0.0007494,0.0005478
487,-178.80000,-178.80000,-175.73822,-181.70000,-181.60000,-181.31751,-3.06178,-3.06178,-0.38249,-0.28249,9.37452,9.37452,0.14630,0.07980,0.0061730,0.0061730,0.0007711,0.0005695
488,-178.80000,-178.80000,-175.72857,-181.70000,-181.50000,-181.30674,-3.07143,-3.07143,-0.39326,-0.19326,9.43370,9.43370,0.15465,0.03735,0.0061924,0.0061924,0.0007929,0.0003896
489,-178.80000,-178.80000,-175.72607,-181.70000,-181.50000,-181.29597,-3.07393,-3.07393,-0.40403,-0.20403,9.44907,9.44907,0.16324,0.04163,0.0061974,0.0061974,0.0008146,0.0004114
490,-178.80000,-178.80000,-175.72806,-181.60000,-181.40000,-181.28421,-3.07194,-3.07194,-0.31579,-0.11579,9.43681,9.43681,0.09972,0.01341,0.0061934,0.0061934,0.0006367,0.0002334
491,-178.90000,-178.90000,-175.73006,-181.60000,-181.30000,-181.26932,-3.16994,-3.16994,-0.33068,-0.03068,10.04855,10.04855,0.10935,0.00094,0.0063910,0.0063910,0.0006667,0.0000619
492,-178.90000,-178.90000,-175.73205,-181.50000,-181.30000,-181.25440,-3.16795,-3.16795,-0.24560,-0.04560,10.03591,10.03591,0.06032,0.00208,0.0063870,0.0063870,0.0004952,0.0000919
493,-178.90000,-178.90000,-175.73404,-181.50000,-181.20000,-181.23686,-3.16596,-3.16596,-0.26314,0.03686,10.02327,10.02327,0.06924,0.00136,0.0063830,0.0063830,0.0005305,0.0000743
494,-178.90000,-178.90000,-175.73604,-181.40000,-181.20000,-181.21932,-3.16396,-3.16396,-0.18068,0.01932,10.01065,10.01065,0.03264,0.00037,0.0063790,0.0063790,0.0003643,0.0000390
495,-178.90000,-178.90000,-175.73803,-181.40000,-181.10000,-181.20178,-3.16197,-3.16197,-0.19822,0.10178,9.99803,9.99803,0.03929,0.01036,0.0063749,0.0063749,0.0003996,0.0002052
496,-178.80000,-178.80000,-175.73991,-181.30000,-181.00000,-181.18184,-3.06009,-3.06009,-0.11816,0.18184,9.36416,9.36416,0.01396,0.03307,0.0061695,0.0061695,0.0002382,0.0003666
497,-178.80000,-178.80000,-175.74086,-181.30000,-180.90000,-181.15991,-3.05914,-3.05914,-0.14009,0.25991,9.35835,9.35835,0.01963,0.06755,0.0061676,0.0061676,0.0002824,0.0005240
498,-178.70000,-178.70000,-175.74181,-181.20000,-180.90000,-181.13798,-2.95819,-2.95819,-0.06202,0.23798,8.75091,8.75091,0.00385,0.05663,0.0059641,0.0059641,0.0001250,0.0004798